"Store Type","Total Sales","Order Count","Percentage  Total Sales"
"Local",1044744.6099997698,"78409",65.10146402933637
"Mall Kiosk",175513.9399999992,"13142",10.936849390933508
"Outlet",126171.62000000606,"9207",7.8621675597400795
"Super Store",257946.1999999851,"19276",16.07347393810123
"Web Portal",417.9700000000001,"43",0.026045081888814645
